first_name,last_name,email,gender,age,car,job,favorite_film
Marie-thérèse,Haig,khaig0@weather.com,Female,20,Subaru,Internal Auditor,Dr. Phibes Rises Again
Danièle,Tomsen,ltomsen1@deliciousdays.com,Male,55,BMW,Cost Accountant,"Clown, The"
Aurélie,McDowell,dmcdowell2@nyu.edu,Female,44,Pontiac,Nurse Practicioner,I-See-You.Com
Lóng,Edworthy,vedworthy3@uiuc.edu,Female,39,Mitsubishi,Senior Developer,Staten Island
Örjan,Rowat,crowat4@wordpress.org,Male,68,BMW,Design Engineer,Comin' at Ya!
Crééz,Bliben,zbliben5@ocn.ne.jp,Male,24,Chevrolet,Physical Therapy Assistant,Lovecraft: Fear of the Unknown
Illustrée,Farress,pfarress6@indiatimes.com,Female,44,GMC,Chemical Engineer,"Colors of the Mountain, The (Los colores de la montaña)"
Mélodie,Disbrow,ddisbrow7@walmart.com,Female,46,Nissan,Senior Sales Associate,Solstice
Françoise,Crosston,lcrosston8@twitpic.com,Male,68,Saab,Information Systems Manager,My Man (Mon homme)
Mélys,Bouch,sbouch9@reuters.com,Male,69,Chevrolet,Marketing Assistant,Al-risâlah
Ruò,Pareman,dparemana@symantec.com,Female,34,Mazda,Product Engineer,"Super Inframan, The (Zhong guo chao ren)"
Réservés,Askie,aaskieb@examiner.com,Male,36,Mazda,Research Nurse,Terror is a Man
Börje,Boyen,dboyenc@wired.com,Male,27,Mercury,Software Engineer IV,Rebirth of Mothra II
Méline,Ollander,rollanderd@flickr.com,Male,63,Oldsmobile,Project Manager,Anna
Maïlys,Gilardengo,bgilardengoe@dagondesign.com,Male,51,Chevrolet,Senior Cost Accountant,Splinter
Örjan,Coldbreath,dcoldbreathf@army.mil,Male,44,Maserati,Social Worker,Runaway Jury
Dorothée,Postins,wpostinsg@shareasale.com,Male,52,Mercedes-Benz,Nurse,"Eagle, The"
Cléopatre,Gosz,lgoszh@bbc.co.uk,Female,66,Chevrolet,Project Manager,What's Cooking?
Amélie,Jordine,njordinei@dagondesign.com,Female,61,Volvo,Physical Therapy Assistant,"Man Who Wasn't There, The"
Wá,Bittlestone,lbittlestonej@amazon.de,Female,39,Chevrolet,Senior Editor,Phenomenon
